{"cameraMode":{"drawMode":0,"name":"Shaded","section":"Shading Mode"},"sceneLighting":true,"audioPlay":false,"sceneViewState":{"m_AlwaysRefresh":false,"showFog":true,"showSkybox":true,"showFlares":true,"showImageEffects":true,"showParticleSystems":true,"showVisualEffectGraphs":true,"m_FxEnabled":true},"in2DMode":false,"pivot":{"x":8.915590286254883,"y":2.0350897312164308,"z":11.775452613830567},"rotation":{"x":0.14689664542675019,"y":-0.8225895762443543,"z":0.2460182011127472,"w":0.49116620421409609},"size":557.9207153320313,"orthographic":false}